href,section_value
https://indianexpress.com/article/entertainment/telugu/salaar-box-office-collection-day-13-prabhas-starrer-third-biggest-telugu-grosser-after-baahubali-2-rrr-crosses-rs-650-crore-worldwide-9094458/,Entertainment
https://indianexpress.com/article/entertainment/bollywood/khushi-kapoor-says-father-boney-kapoor-cried-after-watching-the-archies-janhvi-kapoor-lists-what-her-sister-has-in-common-with-sridevi-my-biases-aside-9094469/,Entertainment
https://indianexpress.com/article/entertainment/bollywood/janhvi-kapoor-on-sridevi-death-howling-when-she-got-the-call-khushi-stopped-crying-comforted-her-koffee-with-karan-9094495/,Entertainment
https://indianexpress.com/photos/entertainment-gallery/dua-lipa-parties-with-jaipur-princess-gauravi-kumar-on-new-year-9093197/,Entertainment
https://indianexpress.com/article/entertainment/bollywood/deepika-padukone-says-shes-looking-forward-to-having-children-with-ranveer-singh-reveals-the-values-she-wants-to-inculcate-in-them-9094541/,Entertainment
https://indianexpress.com/article/entertainment/bollywood/janhvi-kapoor-says-boyfriend-shikhar-pahariya-used-to-sing-nadaan-parindey-ghar-aaja-for-her-reveals-sister-khushi-has-hated-most-of-her-exes-9094528/,Entertainment
https://indianexpress.com/article/entertainment/bollywood/ira-khan-nupur-shikhare-wedding-aamir-khan-plants-a-sweet-kiss-on-kiran-rao-cheek-watch-9094475/,Entertainment
https://indianexpress.com/article/entertainment/bollywood/dunki-box-office-collection-day-14-rajkumar-hiranis-film-is-now-fourth-biggest-hit-of-srks-career-passes-rs-409-crore-worldwide-9094476/,Entertainment
https://indianexpress.com/article/entertainment/malayalam/zarin-shihab-on-beautifully-conveying-significant-emotions-without-explosions-in-aattam-the-most-challenging-aspects-i-face-9091561/,Entertainment
https://indianexpress.com/article/entertainment/bollywood/how-would-dil-chahta-hais-sid-sameer-and-akash-be-had-instagram-existed-farhan-akhtar-answers-9093303/,Entertainment
https://indianexpress.com/article/entertainment/television/ramayan-actor-dipika-chikhlia-on-ram-temple-consecration-ceremony-it-will-be-a-historic-moment-9093990/,Entertainment
https://indianexpress.com/article/entertainment/malayalam/abraham-ozler-jayaram-looks-promising-as-a-quintessential-brooding-investigator-in-this-crime-drama-9094034/,Entertainment
https://indianexpress.com/article/entertainment/bollywood/ranbir-kapoor-in-rohit-shetty-cop-universe-see-latest-photos-9094090/,Entertainment
https://indianexpress.com/article/entertainment/bollywood/ira-khan-gets-married-to-nupur-shikhare-aamir-khan-reena-dutta-watch-first-video-9094041/,Entertainment
https://indianexpress.com/article/entertainment/bollywood/vikrant-massey-12th-fail-would-continue-weeping-even-after-vidhu-vinod-chopra-called-cut-9093973/,Entertainment
https://indianexpress.com/article/entertainment/bollywood/groom-nupur-shikhare-jogs-to-wedding-venue-to-marry-ira-khan-watch-9093949/,Entertainment
https://indianexpress.com/article/entertainment/hollywood/first-pooh-now-mickey-in-public-domain-early-mickey-mouse-version-will-star-in-horror-movies-9093877/,Entertainment
https://indianexpress.com/article/entertainment/bollywood/sharmila-tagore-recalls-how-tiger-pataudi-asked-her-out-she-thought-i-will-go-to-jail-9093758/,Entertainment
https://indianexpress.com/article/entertainment/bollywood/salaar-box-office-collection-day-13-early-report-prabhas-film-slows-down-after-holiday-session-9093772/,Entertainment
https://indianexpress.com/article/entertainment/tamil/malayalee-from-india-first-look-poster-nivin-pauly-is-at-the-forefront-of-the-whole-world-9093757/,Entertainment
https://indianexpress.com/article/entertainment/bollywood/sharmila-tagore-gave-wedding-earrings-amrita-singh-after-ibrahim-ali-khan-birth-sara-ali-khan-has-taken-them-9093651/,Entertainment
https://indianexpress.com/article/entertainment/tamil/complaint-filed-against-lokesh-kanagaraj-for-violence-in-his-films-he-should-be-examined-psychologically-9093512/,Entertainment
https://indianexpress.com/article/entertainment/television/taarak-mehta-ka-ooltah-chashmahs-sonu-actor-jheel-mehta-gets-engaged-9093700/,Entertainment
https://indianexpress.com/article/entertainment/bollywood/jeetendra-recalls-how-rekha-endorsed-sridevi-even-before-the-latter-made-her-hindi-film-debut-9093500/,Entertainment
https://indianexpress.com/article/entertainment/television/i-am-the-first-contestant-to-oppose-salman-khan-bigg-boss-format-munawar-faruqui-is-a-darinda-anurag-dobhal-makes-shocking-allegations-9093183/,Entertainment
https://indianexpress.com/article/entertainment/bollywood/when-amitabh-bachchan-ran-into-a-fire-to-save-wheelchair-bound-tabassum-saved-her-life-9093479/,Entertainment
https://indianexpress.com/photos/entertainment-gallery/remembering-vijayakanth-tamil-cinema-bids-goodbye-to-its-captain-9085833/,Entertainment
https://indianexpress.com/photos/entertainment-gallery/inside-salman-khan-midnight-birthday-bash-cake-cutting-with-niece-aayat-kiss-from-bobby-deol-9084577/,Entertainment
https://indianexpress.com/article/entertainment/movie-review/salaar-movie-review-prabhas-prithviraj-sukumaran-prashanth-neel-violence-all-noise-meaning-very-little-9078704/,Entertainment
https://indianexpress.com/article/entertainment/movie-review/dunki-movie-review-shah-rukh-khan-rajkumar-hirani-film-crashing-bore-vicky-kaushal-9077281/,Entertainment
https://indianexpress.com/article/entertainment/movie-review/neru-movie-review-mohanlal-has-started-his-journey-back-9077471/,Entertainment
https://indianexpress.com/article/entertainment/movie-review/rebel-moon-movie-review-netflix-zack-snyder-worst-film-9078947/,Entertainment
https://indianexpress.com/article/cities/delhi/delhi-news-live-aap-kejriwal-ed-raids-arrest-9094428/,Entertainment
https://indianexpress.com/article/cities/kolkata/tiger-zinda-hai-buxa-reserve-bengal-count-9093718/,Entertainment
https://indianexpress.com/article/trending/trending-in-india/viral-video-shows-women-entering-overcrowded-coach-through-window-9093638/,Entertainment
https://indianexpress.com/article/entertainment/telugu/salaar-box-office-collection-day-13-prabhas-starrer-third-biggest-telugu-grosser-after-baahubali-2-rrr-crosses-rs-650-crore-worldwide-9094458/,Entertainment
https://indianexpress.com/article/entertainment/bollywood/khushi-kapoor-says-father-boney-kapoor-cried-after-watching-the-archies-janhvi-kapoor-lists-what-her-sister-has-in-common-with-sridevi-my-biases-aside-9094469/,Entertainment
https://indianexpress.com/article/entertainment/bollywood/janhvi-kapoor-on-sridevi-death-howling-when-she-got-the-call-khushi-stopped-crying-comforted-her-koffee-with-karan-9094495/,Entertainment
https://indianexpress.com/photos/entertainment-gallery/dua-lipa-parties-with-jaipur-princess-gauravi-kumar-on-new-year-9093197/,Entertainment
https://indianexpress.com/article/entertainment/bollywood/deepika-padukone-says-shes-looking-forward-to-having-children-with-ranveer-singh-reveals-the-values-she-wants-to-inculcate-in-them-9094541/,Entertainment
https://indianexpress.com/article/entertainment/bollywood/janhvi-kapoor-says-boyfriend-shikhar-pahariya-used-to-sing-nadaan-parindey-ghar-aaja-for-her-reveals-sister-khushi-has-hated-most-of-her-exes-9094528/,Entertainment
https://indianexpress.com/article/entertainment/bollywood/ira-khan-nupur-shikhare-wedding-aamir-khan-plants-a-sweet-kiss-on-kiran-rao-cheek-watch-9094475/,Entertainment
https://indianexpress.com/article/entertainment/bollywood/dunki-box-office-collection-day-14-rajkumar-hiranis-film-is-now-fourth-biggest-hit-of-srks-career-passes-rs-409-crore-worldwide-9094476/,Entertainment
https://indianexpress.com/article/entertainment/malayalam/zarin-shihab-on-beautifully-conveying-significant-emotions-without-explosions-in-aattam-the-most-challenging-aspects-i-face-9091561/,Entertainment
https://indianexpress.com/article/entertainment/bollywood/how-would-dil-chahta-hais-sid-sameer-and-akash-be-had-instagram-existed-farhan-akhtar-answers-9093303/,Entertainment
https://indianexpress.com/article/entertainment/television/ramayan-actor-dipika-chikhlia-on-ram-temple-consecration-ceremony-it-will-be-a-historic-moment-9093990/,Entertainment
https://indianexpress.com/article/entertainment/malayalam/abraham-ozler-jayaram-looks-promising-as-a-quintessential-brooding-investigator-in-this-crime-drama-9094034/,Entertainment
https://indianexpress.com/article/entertainment/bollywood/ranbir-kapoor-in-rohit-shetty-cop-universe-see-latest-photos-9094090/,Entertainment
https://indianexpress.com/article/entertainment/bollywood/ira-khan-gets-married-to-nupur-shikhare-aamir-khan-reena-dutta-watch-first-video-9094041/,Entertainment
https://indianexpress.com/article/entertainment/bollywood/vikrant-massey-12th-fail-would-continue-weeping-even-after-vidhu-vinod-chopra-called-cut-9093973/,Entertainment
https://indianexpress.com/article/entertainment/bollywood/groom-nupur-shikhare-jogs-to-wedding-venue-to-marry-ira-khan-watch-9093949/,Entertainment
https://indianexpress.com/article/entertainment/hollywood/first-pooh-now-mickey-in-public-domain-early-mickey-mouse-version-will-star-in-horror-movies-9093877/,Entertainment
https://indianexpress.com/article/entertainment/bollywood/sharmila-tagore-recalls-how-tiger-pataudi-asked-her-out-she-thought-i-will-go-to-jail-9093758/,Entertainment
https://indianexpress.com/article/entertainment/bollywood/salaar-box-office-collection-day-13-early-report-prabhas-film-slows-down-after-holiday-session-9093772/,Entertainment
https://indianexpress.com/article/entertainment/tamil/malayalee-from-india-first-look-poster-nivin-pauly-is-at-the-forefront-of-the-whole-world-9093757/,Entertainment
https://indianexpress.com/article/entertainment/bollywood/sharmila-tagore-gave-wedding-earrings-amrita-singh-after-ibrahim-ali-khan-birth-sara-ali-khan-has-taken-them-9093651/,Entertainment
https://indianexpress.com/article/entertainment/tamil/complaint-filed-against-lokesh-kanagaraj-for-violence-in-his-films-he-should-be-examined-psychologically-9093512/,Entertainment
https://indianexpress.com/article/entertainment/television/taarak-mehta-ka-ooltah-chashmahs-sonu-actor-jheel-mehta-gets-engaged-9093700/,Entertainment
https://indianexpress.com/article/entertainment/bollywood/jeetendra-recalls-how-rekha-endorsed-sridevi-even-before-the-latter-made-her-hindi-film-debut-9093500/,Entertainment
https://indianexpress.com/article/entertainment/television/i-am-the-first-contestant-to-oppose-salman-khan-bigg-boss-format-munawar-faruqui-is-a-darinda-anurag-dobhal-makes-shocking-allegations-9093183/,Entertainment
https://indianexpress.com/article/entertainment/bollywood/when-amitabh-bachchan-ran-into-a-fire-to-save-wheelchair-bound-tabassum-saved-her-life-9093479/,Entertainment
https://indianexpress.com/photos/entertainment-gallery/remembering-vijayakanth-tamil-cinema-bids-goodbye-to-its-captain-9085833/,Entertainment
https://indianexpress.com/photos/entertainment-gallery/inside-salman-khan-midnight-birthday-bash-cake-cutting-with-niece-aayat-kiss-from-bobby-deol-9084577/,Entertainment
https://indianexpress.com/article/entertainment/movie-review/salaar-movie-review-prabhas-prithviraj-sukumaran-prashanth-neel-violence-all-noise-meaning-very-little-9078704/,Entertainment
https://indianexpress.com/article/entertainment/movie-review/dunki-movie-review-shah-rukh-khan-rajkumar-hirani-film-crashing-bore-vicky-kaushal-9077281/,Entertainment
https://indianexpress.com/article/entertainment/movie-review/neru-movie-review-mohanlal-has-started-his-journey-back-9077471/,Entertainment
https://indianexpress.com/article/entertainment/movie-review/rebel-moon-movie-review-netflix-zack-snyder-worst-film-9078947/,Entertainment
https://indianexpress.com/article/cities/delhi/delhi-news-live-aap-kejriwal-ed-raids-arrest-9094428/,Entertainment
https://indianexpress.com/article/cities/kolkata/tiger-zinda-hai-buxa-reserve-bengal-count-9093718/,Entertainment
https://indianexpress.com/article/trending/trending-in-india/viral-video-shows-women-entering-overcrowded-coach-through-window-9093638/,Entertainment
https://indianexpress.com/article/sports/cricket/india-vs-south-africa-cape-town-test-lessons-23-wicket-day-how-not-to-bat-tests-9094169/,Sports
https://indianexpress.com/article/opinion/columns/sports-maharajas-their-fiefs-9094176/,Sports
https://indianexpress.com/article/sports/cricket/how-mohammed-siraj-and-jasprit-bumrah-reduced-south-africa-to-15-for-4-9093378/,Sports
https://indianexpress.com/article/sports/cricket/carnage-cape-town-india-become-first-team-lose-six-wickets-without-scoring-test-cricket-9094053/,Sports
https://indianexpress.com/article/sports/sport-others/sakshi-malik-objects-to-sanjay-singhs-election-as-wfi-chief-says-mother-getting-threatening-calls-9094001/,Sports
https://indianexpress.com/article/sports/sport-others/wfi-controversy-junior-wrestlers-protest-delhi-vinesh-phogat-bajrang-punia-sakshi-malik-9094206/,Sports
https://indianexpress.com/article/sports/badminton/nozomi-okuharas-nightmare-in-india-wait-at-airport-fleeced-by-cabbie-4-hour-long-wait-time-in-hotel-lobby-9065553/,Sports
https://indianexpress.com/article/sports/cricket/why-is-arshdeep-singh-judged-so-harshly-9062839/,Sports
https://indianexpress.com/article/sports/football/unai-emery-exacted-revenge-on-arsenal-and-took-aston-villa-to-top-3-spot-in-premier-league-9062438/,Sports
https://indianexpress.com/article/sports/badminton/geography-on-its-side-but-guwahatis-badminton-academy-has-uphill-climb-matching-hyderabads-history-9061885/,Sports
https://indianexpress.com/article/sports/cricket/wpl-auction-kashvee-gautam-and-vrinda-dinesh-two-uncapped-indian-cricketers-who-have-become-millionaires-9061524/,Sports
https://indianexpress.com/article/sports/chess/are-men-better-chess-players-than-women-a-resounding-no-whats-holding-the-women-back-then-9060409/,Sports
https://indianexpress.com/article/sports/cricket/can-the-match-fixing-taint-be-ever-erased-sreesanth-wasim-akram-search-for-answers-9060762/,Sports
https://indianexpress.com/article/sports/cricket/arshin-kulkarni-justifies-early-sacrifices-by-inspiring-india-to-victory-over-afghanistan-in-u19-asia-cup-9060457/,Sports
https://indianexpress.com/article/sports/cricket/tests-important-career-mohammed-siraj-india-vs-south-africa-9094158/,Sports
https://indianexpress.com/article/sports/cricket/skills-aside-lack-game-time-problem-harmanpreet-kaur-co-search-odi-answers-9094133/,Sports
https://indianexpress.com/article/sports/hockey/olympic-qualifiers-vandana-katariya-indian-women-team-9093911/,Sports
https://indianexpress.com/article/sports/cricket/india-vs-south-africa-2nd-test-fall-of-wickets-mohammed-siraj-55-9093871/,Sports
https://indianexpress.com/article/sports/cricket/watch-virat-kohli-mohammed-siraj-marco-jansen-sa-vs-ind-cape-town-test-9093637/,Sports
https://indianexpress.com/article/sports/cricket/india-vs-south-africa-live-score-2nd-test-day-1-ind-vs-sa-scorecard-updates-cape-town-9092436/,Sports
https://indianexpress.com/article/sports/cricket/dean-elgar-on-decline-of-test-cricket-in-south-africa-its-sad-that-its-gone-in-that-direction-9092996/,Sports
https://indianexpress.com/article/sports/cricket/catches-win-matches-shaheen-shah-afridi-rues-drop-chances-of-his-bowling-9092882/,Sports
https://indianexpress.com/article/sports/cricket/wasim-akram-and-waqar-younis-slam-shaheen-shah-afridis-exclusion-from-sydney-test-9092835/,Sports
https://indianexpress.com/article/sports/cricket/simon-katich-says-unfair-to-blame-david-warner-entirely-for-sandpaper-gate-scandal-9092793/,Sports
https://indianexpress.com/article/sports/cricket/india-vs-australia-women-odi-phoebe-litchfield-wankhede-stadium-9092457/,Sports
https://indianexpress.com/article/sports/cricket/rohit-sharma-cricket-south-africa-sa-20-league-test-9092394/,Sports
https://indianexpress.com/article/sports/tennis/rafael-nadal-comeback-tennis-boris-becker-hip-injury-9092219/,Sports
https://indianexpress.com/article/sports/cricket/ind-vs-sa-2nd-test-ashwin-jadeja-mukesh-kumar-avesh-khan-9092360/,Sports
https://indianexpress.com/article/sports/cricket/sa-vs-ind-yashasvi-jaiswal-shubman-gill-step-cape-town-test-9092340/,Sports
https://indianexpress.com/article/sports/cricket/david-warner-tribute-phil-hughes-sydney-last-test-aus-vs-pak-9092124/,Sports
https://indianexpress.com/article/sports/cricket/pat-cummins-david-warner-last-test-farewell-hundred-wicket-9091994/,Sports
https://indianexpress.com/article/sports/cricket/india-vs-south-africa-2nd-test-tip-off-xi-9091830/,Sports
https://indianexpress.com/article/sports/cricket/india-vs-south-africa-virat-kohli-rohit-sharma-david-bedingham-9091617/,Sports
https://indianexpress.com/article/sports/sport-others/rohit-sharma-virat-kohli-t20-world-cup-pr-sreejesh-krishna-pathak-lakshya-sen-paris-olympics-9091469/,Sports
https://indianexpress.com/article/sports/football/magnus-carlsen-pep-guardiola-football-chess-similarities-9067158/,Sports
https://indianexpress.com/article/world/trump-takes-colorado-ballot-disqualification-to-us-supreme-court-9094521/,World
https://indianexpress.com/article/world/court-records-new-detail-old-sex-abuse-allegations-jeffrey-epstein-9094523/,World
https://indianexpress.com/article/world/united-states-mosque-imam-shot-killed-9094447/,World
https://indianexpress.com/article/world/russia-ukraine-exchange-prisoners-war-deal-brokered-uae-9094148/,World
https://indianexpress.com/article/world/israels-mossad-chief-hamas-members-senior-figure-killed-strike-9094112/,World
https://indianexpress.com/article/world/group-of-indian-origin-alleged-fraudsters-face-trial-in-scotland-court-9093865/,World
https://indianexpress.com/article/world/iranian-guard-commander-qassem-solemani-tomb-blast-9093807/,World
https://indianexpress.com/article/world/doctors-strike-britian-9093410/,World
https://indianexpress.com/article/world/israel-alert-possible-hezbollah-response-senior-hamas-leader-killed-beirut-strike-9093498/,World
https://indianexpress.com/article/world/claudine-gay-resigns-as-harvard-president-inside-story-9092909/,World
https://indianexpress.com/article/world/wealthy-indian-origin-couple-us-death-update-9092869/,World
https://indianexpress.com/article/world/japan-plane-goes-up-in-fireball-details-9092749/,World
https://indianexpress.com/article/world/powerful-earthquakes-leave-at-least-57-dead-destroy-buildings-along-japans-western-coast-9092770/,World
https://indianexpress.com/article/world/harvard-president-claudine-gay-resigns-amid-plagiarism-claims-backlash-from-antisemitism-testimony-9092721/,World
https://indianexpress.com/article/world/hezbollahs-tv-station-says-top-hamas-official-saleh-arouri-killed-in-beirut-blast-9092459/,World
https://indianexpress.com/article/world/israel-defend-itself-genocide-accusations-world-court-9092324/,World
https://indianexpress.com/article/world/japan-airlines-plane-coast-guard-aircraft-collision-9092180/,World
https://indianexpress.com/article/world/rishi-sunak-uk-asylum-target-success-9092125/,World
https://indianexpress.com/article/world/watch-video-japan-airplane-fire-9091911/,World
https://indianexpress.com/article/world/fighting-hamas-israel-rages-partial-troop-withdrawal-9091880/,World
https://indianexpress.com/article/world/japan-fire-plane-tokyo-haneda-airport-9091821/,World
https://indianexpress.com/article/world/britain-aging-population-9091460/,World
https://indianexpress.com/article/world/kyiv-russia-ukraine-missile-attack-9091466/,World
https://indianexpress.com/article/world/watch-japan-earthquake-tsunami-aftermath-photos-videos-9091261/,World
https://indianexpress.com/article/world/south-korea-opposition-chief-stabbed-live-updates-9091257/,World
https://indianexpress.com/article/india/list-of-public-holidays-in-india-2024-9081733/,World
https://indianexpress.com/article/technology/tech-news-technology/redmi-note-13-series-launch-live-updates-9093403/,World
https://indianexpress.com/article/entertainment/bollywood/deepika-padukone-says-shes-looking-forward-to-having-children-with-ranveer-singh-reveals-the-values-she-wants-to-inculcate-in-them-9094541/,World
https://indianexpress.com/article/cities/delhi/suv-hits-bcom-student-inside-noida-university-campus-driver-yet-to-be-arrested-9094542/,World
https://indianexpress.com/article/cities/chandigarh/ed-raid-haryana-congress-mla-surender-panwar-dilbagh-singh-9094559/,World
https://indianexpress.com/article/entertainment/bollywood/janhvi-kapoor-says-boyfriend-shikhar-pahariya-used-to-sing-nadaan-parindey-ghar-aaja-for-her-reveals-sister-khushi-has-hated-most-of-her-exes-9094528/,World
https://indianexpress.com/article/entertainment/bollywood/ira-khan-nupur-shikhare-wedding-aamir-khan-plants-a-sweet-kiss-on-kiran-rao-cheek-watch-9094475/,World
https://indianexpress.com/article/entertainment/bollywood/janhvi-kapoor-on-sridevi-death-howling-when-she-got-the-call-khushi-stopped-crying-comforted-her-koffee-with-karan-9094495/,World
https://indianexpress.com/article/cities/bangalore/bengaluru-nike-shoes-worth-1-crore-rs-stolen-9094505/,World
https://indianexpress.com/article/entertainment/bollywood/khushi-kapoor-says-father-boney-kapoor-cried-after-watching-the-archies-janhvi-kapoor-lists-what-her-sister-has-in-common-with-sridevi-my-biases-aside-9094469/,World
https://indianexpress.com/article/business/oil-markets-minister-puri-petrol-diesel-price-cut-9094079/,Business
https://indianexpress.com/article/business/google-highest-paid-executive-nikesh-arora-billionaire-9093974/,Business
https://indianexpress.com/article/business/commodities/indias-wheat-output-new-record-114-million-tonnes-2023-24-9093875/,Business
https://indianexpress.com/article/business/market/sensex-falls-hdfc-it-shares-weak-global-trends-9093543/,Business
https://indianexpress.com/article/business/market/adani-stocks-rally-supreme-court-verdict-hindenburg-case-9093118/,Business
https://indianexpress.com/article/business/economy/higher-borrowing-by-states-to-widen-yield-spread-with-g-sec-9092546/,Business
https://indianexpress.com/article/business/exports-from-labour-intensive-sectors-lagging-says-gtri-9092547/,Business
https://indianexpress.com/article/business/indias-domestic-air-passenger-traffic-at-record-high-in-2023-9092552/,Business
https://indianexpress.com/article/business/banking-and-finance/inoperative-unclaimed-accounts-how-will-the-rbis-revised-guidelines-benefit-customers-9092549/,Business
https://indianexpress.com/article/business/banking-and-finance/rbi-proposed-easing-of-norms-for-dividend-payout-by-banks-9092554/,Business
https://indianexpress.com/article/business/december-manufacturing-pmi-at-18-month-low-on-slower-pace-of-orders-output-9094216/,Business
https://indianexpress.com/article/business/economy/india-ratings-raises-fy24-gdp-growth-estimate-to-6-7-9094215/,Business
https://indianexpress.com/article/business/danger-of-cheap-goods-invading-indian-markets-says-jaishankar-9094220/,Business
https://indianexpress.com/article/business/epfo-extends-deadline-for-employers-to-upload-details-of-those-opting-higher-pension-9094226/,Business
https://indianexpress.com/article/business/india-is-chasing-chinas-economy-but-something-is-holding-it-back-9092416/,Business
https://indianexpress.com/article/business/aviation/indias-akasa-air-order-boeing-jets-report-9092418/,Business
https://indianexpress.com/article/business/rupee-falls-11-paise-to-close-at-83-32-against-us-dollar-9092140/,Business
https://indianexpress.com/article/business/companies/vodafone-idea-elon-musk-starlink-tie-up-shares-tank-9092044/,Business
https://indianexpress.com/article/business/sensex-pts-profit-taking-in-bank-it-stocks-foreign-fund-outflows-9092002/,Business
https://indianexpress.com/article/business/economy/no-longer-looking-at-import-duties-as-revenue-source-in-fta-negotiations-official-9091056/,Business
https://indianexpress.com/article/business/economy/houthi-threat-notwithstanding-its-smooth-sailing-for-russian-oil-through-red-sea-9091065/,Business
https://indianexpress.com/article/business/economy/high-tariffs-among-reasons-behind-weak-exports-says-gtri-9091066/,Business
https://indianexpress.com/article/business/economy/gross-gst-collections-drop-to-three-month-low-of-rs-1-64-lakh-crore-in-december-9091058/,Business
https://indianexpress.com/article/business/over-4-8-lakh-biryanis-ordered-on-swiggy-during-new-years-eve-9090671/,Business
https://indianexpress.com/article/business/aviation/air-india-a350-aircraft-operation-9090577/,Business
https://indianexpress.com/article/cities/mumbai/mumbai-news-live-updates-9094502/,Business
https://indianexpress.com/article/cities/bangalore/karnataka-bangalore-live-updates-weather-traffic-aqi-9092756/,Business
https://indianexpress.com/article/cities/delhi/delhi-news-live-aap-kejriwal-ed-raids-arrest-9094428/,Business
https://indianexpress.com/article/education/gate-2024-admit-card-released-live-gate2024-iisc-ac-in-updates-9091510/,Business
https://indianexpress.com/article/trending/trending-in-india/viral-video-shows-women-entering-overcrowded-coach-through-window-9093638/,Business
https://indianexpress.com/article/trending/trending-globally/japans-nagaoka-launches-worlds-largest-firework-new-years-eve-video-viral-9093536/,Business
https://indianexpress.com/article/sports/cricket/india-vs-south-africa-cape-town-test-lessons-23-wicket-day-how-not-to-bat-tests-9094169/,Business
https://indianexpress.com/article/opinion/columns/sports-maharajas-their-fiefs-9094176/,Business
https://indianexpress.com/article/opinion/columns/india-way-forward-services-manufacturing-9090517/,Business
https://indianexpress.com/article/explained/explained-global/hamas-leader-saleh-al-arouri-killed-9093929/,Business
https://indianexpress.com/article/sports/cricket/india-vs-south-africa-cape-town-test-lessons-23-wicket-day-how-not-to-bat-tests-9094169/,Sports
https://indianexpress.com/article/opinion/columns/sports-maharajas-their-fiefs-9094176/,Sports
https://indianexpress.com/article/sports/cricket/how-mohammed-siraj-and-jasprit-bumrah-reduced-south-africa-to-15-for-4-9093378/,Sports
https://indianexpress.com/article/sports/cricket/carnage-cape-town-india-become-first-team-lose-six-wickets-without-scoring-test-cricket-9094053/,Sports
https://indianexpress.com/article/sports/sport-others/sakshi-malik-objects-to-sanjay-singhs-election-as-wfi-chief-says-mother-getting-threatening-calls-9094001/,Sports
https://indianexpress.com/article/sports/sport-others/wfi-controversy-junior-wrestlers-protest-delhi-vinesh-phogat-bajrang-punia-sakshi-malik-9094206/,Sports
https://indianexpress.com/article/sports/badminton/nozomi-okuharas-nightmare-in-india-wait-at-airport-fleeced-by-cabbie-4-hour-long-wait-time-in-hotel-lobby-9065553/,Sports
https://indianexpress.com/article/sports/cricket/why-is-arshdeep-singh-judged-so-harshly-9062839/,Sports
https://indianexpress.com/article/sports/football/unai-emery-exacted-revenge-on-arsenal-and-took-aston-villa-to-top-3-spot-in-premier-league-9062438/,Sports
https://indianexpress.com/article/sports/badminton/geography-on-its-side-but-guwahatis-badminton-academy-has-uphill-climb-matching-hyderabads-history-9061885/,Sports
https://indianexpress.com/article/sports/cricket/wpl-auction-kashvee-gautam-and-vrinda-dinesh-two-uncapped-indian-cricketers-who-have-become-millionaires-9061524/,Sports
https://indianexpress.com/article/sports/chess/are-men-better-chess-players-than-women-a-resounding-no-whats-holding-the-women-back-then-9060409/,Sports
https://indianexpress.com/article/sports/cricket/can-the-match-fixing-taint-be-ever-erased-sreesanth-wasim-akram-search-for-answers-9060762/,Sports
https://indianexpress.com/article/sports/cricket/arshin-kulkarni-justifies-early-sacrifices-by-inspiring-india-to-victory-over-afghanistan-in-u19-asia-cup-9060457/,Sports
https://indianexpress.com/article/sports/cricket/tests-important-career-mohammed-siraj-india-vs-south-africa-9094158/,Sports
https://indianexpress.com/article/sports/cricket/skills-aside-lack-game-time-problem-harmanpreet-kaur-co-search-odi-answers-9094133/,Sports
https://indianexpress.com/article/sports/hockey/olympic-qualifiers-vandana-katariya-indian-women-team-9093911/,Sports
https://indianexpress.com/article/sports/cricket/india-vs-south-africa-2nd-test-fall-of-wickets-mohammed-siraj-55-9093871/,Sports
https://indianexpress.com/article/sports/cricket/watch-virat-kohli-mohammed-siraj-marco-jansen-sa-vs-ind-cape-town-test-9093637/,Sports
https://indianexpress.com/article/sports/cricket/india-vs-south-africa-live-score-2nd-test-day-1-ind-vs-sa-scorecard-updates-cape-town-9092436/,Sports
https://indianexpress.com/article/sports/cricket/dean-elgar-on-decline-of-test-cricket-in-south-africa-its-sad-that-its-gone-in-that-direction-9092996/,Sports
https://indianexpress.com/article/sports/cricket/catches-win-matches-shaheen-shah-afridi-rues-drop-chances-of-his-bowling-9092882/,Sports
https://indianexpress.com/article/sports/cricket/wasim-akram-and-waqar-younis-slam-shaheen-shah-afridis-exclusion-from-sydney-test-9092835/,Sports
https://indianexpress.com/article/sports/cricket/simon-katich-says-unfair-to-blame-david-warner-entirely-for-sandpaper-gate-scandal-9092793/,Sports
https://indianexpress.com/article/sports/cricket/india-vs-australia-women-odi-phoebe-litchfield-wankhede-stadium-9092457/,Sports
https://indianexpress.com/article/sports/cricket/rohit-sharma-cricket-south-africa-sa-20-league-test-9092394/,Sports
https://indianexpress.com/article/sports/tennis/rafael-nadal-comeback-tennis-boris-becker-hip-injury-9092219/,Sports
https://indianexpress.com/article/sports/cricket/ind-vs-sa-2nd-test-ashwin-jadeja-mukesh-kumar-avesh-khan-9092360/,Sports
https://indianexpress.com/article/sports/cricket/sa-vs-ind-yashasvi-jaiswal-shubman-gill-step-cape-town-test-9092340/,Sports
https://indianexpress.com/article/sports/cricket/david-warner-tribute-phil-hughes-sydney-last-test-aus-vs-pak-9092124/,Sports
https://indianexpress.com/article/sports/cricket/pat-cummins-david-warner-last-test-farewell-hundred-wicket-9091994/,Sports
https://indianexpress.com/article/sports/cricket/india-vs-south-africa-2nd-test-tip-off-xi-9091830/,Sports
https://indianexpress.com/article/sports/cricket/india-vs-south-africa-virat-kohli-rohit-sharma-david-bedingham-9091617/,Sports
https://indianexpress.com/article/sports/sport-others/rohit-sharma-virat-kohli-t20-world-cup-pr-sreejesh-krishna-pathak-lakshya-sen-paris-olympics-9091469/,Sports
https://indianexpress.com/article/sports/football/magnus-carlsen-pep-guardiola-football-chess-similarities-9067158/,Sports
